Label,URL
['STS 51-F launch by NASA on The Commons'],['https://www.flickr.com/photos/nasacommons/18278548690/']
['Mariner photos presented to President Johnson by NASA on The Commons'],['https://www.flickr.com/photos/nasacommons/9457920089/']
['Arabian Night by NASA on The Commons'],['https://www.flickr.com/photos/nasacommons/35375706943/']
['Expedition 52 Rollout by NASA on The Commons'],['https://www.flickr.com/photos/nasacommons/41882640440/']
['STS-114 by NASA on The Commons'],['https://www.flickr.com/photos/nasacommons/15134965198/']
['STS-114 Launch by NASA on The Commons'],['https://www.flickr.com/photos/nasacommons/19671270720/']
['STS-114 Mission Commander Eileen Collins by NASA on The Commons'],['https://www.flickr.com/photos/nasacommons/5134454135/']
['Atlantis and Aurora by NASA on The Commons'],['https://www.flickr.com/photos/nasacommons/29530312928/']
['Expedition 33 by NASA on The Commons'],['https://www.flickr.com/photos/nasacommons/15333466432/']
['Helios Prototype flying wing by NASA on The Commons'],['https://www.flickr.com/photos/nasacommons/4857948787/']
['Pluto - as seen by New Horizons by NASA on The Commons'],['https://www.flickr.com/photos/nasacommons/28224885761/']
['Zvezda Launch by NASA on The Commons'],['https://www.flickr.com/photos/nasacommons/19308918319/']
['Storm Clouds Roll In Over The Vehicle Assembly Building by NASA on The Commons'],['https://www.flickr.com/photos/nasacommons/35748617201/']
['X1.4 Class Flare Released from Big Sunspot 1520 by NASA on The Commons'],['https://www.flickr.com/photos/nasacommons/35879738625/']
['Expedition 32 Soyuz Rocket Rollout by NASA on The Commons'],['https://www.flickr.com/photos/nasacommons/35879729915/']
['ICESCAPE Researchers; Ponds on the Ocean by NASA on The Commons'],['https://www.flickr.com/photos/nasacommons/35491836420/']
['STS-104 Launch by NASA on The Commons'],['https://www.flickr.com/photos/nasacommons/18846528213/']
['Zvezda Launch by NASA on The Commons'],['https://www.flickr.com/photos/nasacommons/42625356744/']
['Booster Test for Space Launch System Rocket by NASA on The Commons'],['https://www.flickr.com/photos/nasacommons/48143375091/']
['LDSD by NASA on The Commons'],['https://www.flickr.com/photos/nasacommons/19087733531/']
['Michael Collins practices in a simulator prior to Apollo 11 launch. by NASA on The Commons'],['https://www.flickr.com/photos/nasacommons/35591326865/']
['The Apollo 15 Prime Crew by NASA on The Commons'],['https://www.flickr.com/photos/nasacommons/9457430115/']
['Scout Project by NASA on The Commons'],['https://www.flickr.com/photos/nasacommons/4940404071/']
['LDSD Retrieval by NASA on The Commons'],['https://www.flickr.com/photos/nasacommons/19058254016/']
